{
  "text": "là pour le bébé quant à moi je vous dirai si vous voulez vous reporter sur le conte de peau d'ane ou bien la fable du corbeau et du renard qu'on m'a apprise depuis que je n'aime pas la cuisine ou de mousse qui se joue par la corde ne vous ai-je pas recommandé de me donner tout ce que nous vois oui mais là oui mon papa oui non non non oh ça je m'en vais me faire voir quelque chose moi à mon papa vous ne me dites pas que vous avez vu un homme dans la chambre de votre ça mon papa voici qui vous apprendra à monter je vous demande pardon je m'en vais vous dire tout il faut prolonger l'aventure vous aider le fouet pour avoir menti après nouvel an reste pas là la pauvre papa de me donner voulons au nom de dieu parce que je ne va pas vous m'avez laissé tomber quelle misère chez vous ne pleurez donc je ne suis pas morte tout à fait en banlieue où la plupart pas ça je vous pardonne pour cette fois vu que vous me disiez oui prenez-y bien qu'à moins qu'un petit doigt me dit vas-y mon monter la venue de relâche de mars comme le siècle à venir je lui ai demandé ce qu'il demandait et il m'a dit qu'il allait se mettre à chanter en enfant voilà la fête aérienne massive contre elle va bien elle m'a dit sortez sortez sortez vous me mettez au désespoir vous n'êtes pas et encore tous ce qu'il me déconnecter et se mettait à genoux devant lui et puis il y a autre chose pourquoi pas reprendre quelque chose doit être quelque chose ne va pas mon papa votre de boire de l'eau chaude a donc pas seulement le loisir de songer à ma maladie en vérité je n'en peux plus dire comment vous portez-vous en forme de faiblesse simplement pas voilà qui fâche pas seulement j'étais venu ici mon frère vous proposer un parti pour ma nièce angélique veut parler comme tu l'as pas fait maintenant que je maitrise vachement euh voilà qui est bien je suis bien aise que la force vous revienne un peu et que ma visite vous fasse du bien faire aussi nous parlerons je vous amène ici un divertissement que j'ai rencontré qui dissipera votre chagrin et vous rendre mieux disposé aux choses que nous avons sortir ou vous chez vous",
  "media": "E:\\LMI\\20230428_f2\\LMI_20230428_f2_08.MP4",
  "result": [
    {
      "conf": 0.429966,
      "end": 3.6,
      "start": 3.27,
      "word": "là"
    },
    {
      "conf": 0.743787,
      "end": 8.428764,
      "start": 8.25,
      "word": "pour"
    },
    {
      "conf": 0.931652,
      "end": 18.15,
      "start": 17.97,
      "word": "le"
    },
    {
      "conf": 0.948278,
      "end": 18.48,
      "start": 18.15,
      "word": "bébé"
    },
    {
      "conf": 0.504833,
      "end": 43.11,
      "start": 42.93,
      "word": "quant"
    },
    {
      "conf": 0.646524,
      "end": 44.273723,
      "start": 43.11,
      "word": "à"
    },
    {
      "conf": 0.788589,
      "end": 46.109996,
      "start": 44.273723,
      "word": "moi"
    },
    {
      "conf": 1.0,
      "end": 51.81,
      "start": 51.54,
      "word": "je"
    },
    {
      "conf": 1.0,
      "end": 52.02,
      "start": 51.81,
      "word": "vous"
    },
    {
      "conf": 0.705998,
      "end": 52.65,
      "start": 52.02,
      "word": "dirai"
    },
    {
      "conf": 1.0,
      "end": 55.53,
      "start": 55.23,
      "word": "si"
    },
    {
      "conf": 0.724527,
      "end": 55.770385,
      "start": 55.53,
      "word": "vous"
    },
    {
      "conf": 0.654343,
      "end": 56.1,
      "start": 55.770385,
      "word": "voulez"
    },
    {
      "conf": 0.724527,
      "end": 58.354083,
      "start": 58.26,
      "word": "vous"
    },
    {
      "conf": 0.49503,
      "end": 58.83,
      "start": 58.354083,
      "word": "reporter"
    },
    {
      "conf": 1.0,
      "end": 59.01,
      "start": 58.83,
      "word": "sur"
    },
    {
      "conf": 1.0,
      "end": 62.85,
      "start": 62.67,
      "word": "le"
    },
    {
      "conf": 1.0,
      "end": 63.15,
      "start": 62.85,
      "word": "conte"
    },
    {
      "conf": 1.0,
      "end": 63.33,
      "start": 63.15,
      "word": "de"
    },
    {
      "conf": 1.0,
      "end": 63.6,
      "start": 63.33,
      "word": "peau"
    },
    {
      "conf": 1.0,
      "end": 63.87,
      "start": 63.6,
      "word": "d'ane"
    },
    {
      "conf": 1.0,
      "end": 66.69,
      "start": 66.57,
      "word": "ou"
    },
    {
      "conf": 1.0,
      "end": 66.93,
      "start": 66.69,
      "word": "bien"
    },
    {
      "conf": 1.0,
      "end": 67.08,
      "start": 66.93,
      "word": "la"
    },
    {
      "conf": 1.0,
      "end": 67.44,
      "start": 67.08,
      "word": "fable"
    },
    {
      "conf": 1.0,
      "end": 67.71,
      "start": 67.56,
      "word": "du"
    },
    {
      "conf": 1.0,
      "end": 68.22,
      "start": 67.71,
      "word": "corbeau"
    },
    {
      "conf": 1.0,
      "end": 68.28,
      "start": 68.22,
      "word": "et"
    },
    {
      "conf": 1.0,
      "end": 68.43,
      "start": 68.28,
      "word": "du"
    },
    {
      "conf": 1.0,
      "end": 69.0,
      "start": 68.43,
      "word": "renard"
    },
    {
      "conf": 1.0,
      "end": 70.14,
      "start": 69.9,
      "word": "qu'on"
    },
    {
      "conf": 1.0,
      "end": 70.35,
      "start": 70.14,
      "word": "m'a"
    },
    {
      "conf": 1.0,
      "end": 71.04,
      "start": 70.35,
      "word": "apprise"
    },
    {
      "conf": 1.0,
      "end": 71.61,
      "start": 71.25,
      "word": "depuis"
    },
    {
      "conf": 1.0,
      "end": 71.82,
      "start": 71.67,
      "word": "que"
    },
    {
      "conf": 1.0,
      "end": 72.12,
      "start": 72.0,
      "word": "je"
    },
    {
      "conf": 1.0,
      "end": 72.3,
      "start": 72.12,
      "word": "n'aime"
    },
    {
      "conf": 1.0,
      "end": 72.75,
      "start": 72.3,
      "word": "pas"
    },
    {
      "conf": 1.0,
      "end": 73.5,
      "start": 72.96,
      "word": "la"
    },
    {
      "conf": 0.607244,
      "end": 74.55,
      "start": 74.19,
      "word": "cuisine"
    },
    {
      "conf": 0.607244,
      "end": 74.82,
      "start": 74.67,
      "word": "ou"
    },
    {
      "conf": 0.867162,
      "end": 75.0,
      "start": 74.828994,
      "word": "de"
    },
    {
      "conf": 1.0,
      "end": 87.66,
      "start": 87.03,
      "word": "mousse"
    },
    {
      "conf": 1.0,
      "end": 89.25,
      "start": 89.04,
      "word": "qui"
    },
    {
      "conf": 0.978283,
      "end": 89.43,
      "start": 89.25,
      "word": "se"
    },
    {
      "conf": 0.996604,
      "end": 89.67,
      "start": 89.43,
      "word": "joue"
    },
    {
      "conf": 0.819658,
      "end": 96.72,
      "start": 96.51,
      "word": "par"
    },
    {
      "conf": 0.652386,
      "end": 98.76,
      "start": 98.22,
      "word": "la"
    },
    {
      "conf": 0.410647,
      "end": 99.54,
      "start": 99.06,
      "word": "corde"
    },
    {
      "conf": 0.993599,
      "end": 106.86,
      "start": 106.71,
      "word": "ne"
    },
    {
      "conf": 1.0,
      "end": 107.04,
      "start": 106.86,
      "word": "vous"
    },
    {
      "conf": 1.0,
      "end": 107.31,
      "start": 107.04,
      "word": "ai-je"
    },
    {
      "conf": 1.0,
      "end": 107.58,
      "start": 107.31,
      "word": "pas"
    },
    {
      "conf": 1.0,
      "end": 108.93,
      "start": 107.67,
      "word": "recommandé"
    },
    {
      "conf": 1.0,
      "end": 109.171069,
      "start": 109.05,
      "word": "de"
    },
    {
      "conf": 0.702605,
      "end": 109.32,
      "start": 109.171069,
      "word": "me"
    },
    {
      "conf": 0.911508,
      "end": 109.77,
      "start": 109.32,
      "word": "donner"
    },
    {
      "conf": 1.0,
      "end": 112.38,
      "start": 112.2,
      "word": "tout"
    },
    {
      "conf": 1.0,
      "end": 112.56,
      "start": 112.38,
      "word": "ce"
    },
    {
      "conf": 1.0,
      "end": 112.71,
      "start": 112.56,
      "word": "que"
    },
    {
      "conf": 0.511088,
      "end": 112.86,
      "start": 112.71,
      "word": "nous"
    },
    {
      "conf": 0.488912,
      "end": 113.37,
      "start": 112.95,
      "word": "vois"
    },
    {
      "conf": 1.0,
      "end": 114.48,
      "start": 114.03,
      "word": "oui"
    },
    {
      "conf": 0.599669,
      "end": 116.25,
      "start": 116.01,
      "word": "mais"
    },
    {
      "conf": 0.582933,
      "end": 117.57,
      "start": 117.24,
      "word": "là"
    },
    {
      "conf": 0.990818,
      "end": 119.7,
      "start": 119.25,
      "word": "oui"
    },
    {
      "conf": 1.0,
      "end": 121.38,
      "start": 121.11,
      "word": "mon"
    },
    {
      "conf": 1.0,
      "end": 121.86,
      "start": 121.38,
      "word": "papa"
    },
    {
      "conf": 0.470603,
      "end": 124.039102,
      "start": 123.615044,
      "word": "oui"
    },
    {
      "conf": 1.0,
      "end": 126.870527,
      "start": 126.539839,
      "word": "non"
    },
    {
      "conf": 1.0,
      "end": 129.522349,
      "start": 129.133726,
      "word": "non"
    },
    {
      "conf": 0.988565,
      "end": 130.59,
      "start": 130.32,
      "word": "non"
    },
    {
      "conf": 0.722164,
      "end": 139.748555,
      "start": 139.47,
      "word": "oh"
    },
    {
      "conf": 0.54742,
      "end": 140.43,
      "start": 139.769487,
      "word": "ça"
    },
    {
      "conf": 1.0,
      "end": 141.45,
      "start": 141.15,
      "word": "je"
    },
    {
      "conf": 1.0,
      "end": 141.6,
      "start": 141.45,
      "word": "m'en"
    },
    {
      "conf": 1.0,
      "end": 141.78,
      "start": 141.6,
      "word": "vais"
    },
    {
      "conf": 0.446925,
      "end": 141.84,
      "start": 141.78,
      "word": "me"
    },
    {
      "conf": 1.0,
      "end": 142.14,
      "start": 141.84,
      "word": "faire"
    },
    {
      "conf": 0.937975,
      "end": 142.62,
      "start": 142.14,
      "word": "voir"
    },
    {
      "conf": 1.0,
      "end": 143.07,
      "start": 142.68,
      "word": "quelque"
    },
    {
      "conf": 1.0,
      "end": 143.726323,
      "start": 143.13,
      "word": "chose"
    },
    {
      "conf": 0.962417,
      "end": 145.05,
      "start": 144.42,
      "word": "moi"
    },
    {
      "conf": 0.670815,
      "end": 145.47,
      "start": 145.17,
      "word": "à"
    },
    {
      "conf": 0.666602,
      "end": 147.174199,
      "start": 146.82,
      "word": "mon"
    },
    {
      "conf": 0.377964,
      "end": 147.51,
      "start": 147.21,
      "word": "papa"
    },
    {
      "conf": 1.0,
      "end": 148.77,
      "start": 148.59,
      "word": "vous"
    },
    {
      "conf": 1.0,
      "end": 148.86,
      "start": 148.77,
      "word": "ne"
    },
    {
      "conf": 1.0,
      "end": 149.01,
      "start": 148.86,
      "word": "me"
    },
    {
      "conf": 1.0,
      "end": 149.79,
      "start": 149.31,
      "word": "dites"
    },
    {
      "conf": 1.0,
      "end": 150.72,
      "start": 150.0,
      "word": "pas"
    },
    {
      "conf": 1.0,
      "end": 152.67,
      "start": 152.1,
      "word": "que"
    },
    {
      "conf": 1.0,
      "end": 154.56,
      "start": 154.35,
      "word": "vous"
    },
    {
      "conf": 0.868379,
      "end": 154.92,
      "start": 154.56,
      "word": "avez"
    },
    {
      "conf": 0.832149,
      "end": 155.37,
      "start": 155.1,
      "word": "vu"
    },
    {
      "conf": 0.751213,
      "end": 157.765342,
      "start": 157.44,
      "word": "un"
    },
    {
      "conf": 0.461987,
      "end": 158.4,
      "start": 157.8,
      "word": "homme"
    },
    {
      "conf": 1.0,
      "end": 160.44,
      "start": 159.66,
      "word": "dans"
    },
    {
      "conf": 1.0,
      "end": 161.64,
      "start": 160.89,
      "word": "la"
    },
    {
      "conf": 1.0,
      "end": 163.47,
      "start": 162.57,
      "word": "chambre"
    },
    {
      "conf": 1.0,
      "end": 164.19,
      "start": 163.98,
      "word": "de"
    },
    {
      "conf": 0.952326,
      "end": 164.67,
      "start": 164.19,
      "word": "votre"
    },
    {
      "conf": 0.681758,
      "end": 165.6,
      "start": 164.67,
      "word": "ça"
    },
    {
      "conf": 0.840766,
      "end": 167.76,
      "start": 167.49,
      "word": "mon"
    },
    {
      "conf": 0.840766,
      "end": 168.24,
      "start": 167.76,
      "word": "papa"
    },
    {
      "conf": 1.0,
      "end": 175.436602,
      "start": 175.05,
      "word": "voici"
    },
    {
      "conf": 1.0,
      "end": 175.95,
      "start": 175.606421,
      "word": "qui"
    },
    {
      "conf": 0.977585,
      "end": 176.19,
      "start": 176.04,
      "word": "vous"
    },
    {
      "conf": 1.0,
      "end": 177.03,
      "start": 176.19,
      "word": "apprendra"
    },
    {
      "conf": 1.0,
      "end": 177.491382,
      "start": 177.3,
      "word": "à"
    },
    {
      "conf": 0.233677,
      "end": 178.14,
      "start": 177.491382,
      "word": "monter"
    },
    {
      "conf": 1.0,
      "end": 185.22,
      "start": 184.92,
      "word": "je"
    },
    {
      "conf": 1.0,
      "end": 185.4,
      "start": 185.25,
      "word": "vous"
    },
    {
      "conf": 1.0,
      "end": 185.82,
      "start": 185.4,
      "word": "demande"
    },
    {
      "conf": 1.0,
      "end": 186.69,
      "start": 186.21,
      "word": "pardon"
    },
    {
      "conf": 1.0,
      "end": 188.91,
      "start": 188.64,
      "word": "je"
    },
    {
      "conf": 1.0,
      "end": 189.09,
      "start": 188.91,
      "word": "m'en"
    },
    {
      "conf": 1.0,
      "end": 189.27,
      "start": 189.09,
      "word": "vais"
    },
    {
      "conf": 1.0,
      "end": 189.45,
      "start": 189.27,
      "word": "vous"
    },
    {
      "conf": 1.0,
      "end": 189.87,
      "start": 189.45,
      "word": "dire"
    },
    {
      "conf": 0.992379,
      "end": 190.23,
      "start": 190.02,
      "word": "tout"
    },
    {
      "conf": 1.0,
      "end": 190.47,
      "start": 190.32,
      "word": "il"
    },
    {
      "conf": 1.0,
      "end": 190.68,
      "start": 190.47,
      "word": "faut"
    },
    {
      "conf": 0.756807,
      "end": 191.1,
      "start": 190.68,
      "word": "prolonger"
    },
    {
      "conf": 0.756807,
      "end": 191.52,
      "start": 191.1,
      "word": "l'aventure"
    },
    {
      "conf": 1.0,
      "end": 191.675537,
      "start": 191.527295,
      "word": "vous"
    },
    {
      "conf": 0.494433,
      "end": 191.934727,
      "start": 191.675537,
      "word": "aider"
    },
    {
      "conf": 0.88591,
      "end": 192.06,
      "start": 191.94,
      "word": "le"
    },
    {
      "conf": 0.493359,
      "end": 192.54,
      "start": 192.06,
      "word": "fouet"
    },
    {
      "conf": 1.0,
      "end": 192.78,
      "start": 192.58853,
      "word": "pour"
    },
    {
      "conf": 1.0,
      "end": 193.11,
      "start": 192.78,
      "word": "avoir"
    },
    {
      "conf": 1.0,
      "end": 193.71,
      "start": 193.11,
      "word": "menti"
    },
    {
      "conf": 1.0,
      "end": 194.788271,
      "start": 194.22,
      "word": "après"
    },
    {
      "conf": 1.0,
      "end": 195.54,
      "start": 194.91,
      "word": "nouvel"
    },
    {
      "conf": 1.0,
      "end": 196.02,
      "start": 195.84,
      "word": "an"
    },
    {
      "conf": 0.945259,
      "end": 196.53,
      "start": 196.02,
      "word": "reste"
    },
    {
      "conf": 1.0,
      "end": 198.87,
      "start": 198.66,
      "word": "pas"
    },
    {
      "conf": 1.0,
      "end": 201.99,
      "start": 201.36,
      "word": "là"
    },
    {
      "conf": 0.582322,
      "end": 203.699985,
      "start": 202.979985,
      "word": "la"
    },
    {
      "conf": 0.973815,
      "end": 206.09187,
      "start": 205.65,
      "word": "pauvre"
    },
    {
      "conf": 0.428976,
      "end": 206.52,
      "start": 206.1,
      "word": "papa"
    },
    {
      "conf": 0.808001,
      "end": 207.749985,
      "start": 207.599985,
      "word": "de"
    },
    {
      "conf": 1.0,
      "end": 207.87,
      "start": 207.75,
      "word": "me"
    },
    {
      "conf": 1.0,
      "end": 208.14,
      "start": 207.87,
      "word": "donner"
    },
    {
      "conf": 1.0,
      "end": 209.31,
      "start": 208.65,
      "word": "voulons"
    },
    {
      "conf": 1.0,
      "end": 209.91,
      "start": 209.79,
      "word": "au"
    },
    {
      "conf": 1.0,
      "end": 210.09,
      "start": 209.91,
      "word": "nom"
    },
    {
      "conf": 1.0,
      "end": 210.24,
      "start": 210.09,
      "word": "de"
    },
    {
      "conf": 1.0,
      "end": 210.57,
      "start": 210.24,
      "word": "dieu"
    },
    {
      "conf": 0.540567,
      "end": 212.13,
      "start": 211.89,
      "word": "parce"
    },
    {
      "conf": 1.0,
      "end": 212.46,
      "start": 212.31,
      "word": "que"
    },
    {
      "conf": 1.0,
      "end": 212.58,
      "start": 212.46,
      "word": "je"
    },
    {
      "conf": 0.980653,
      "end": 212.73,
      "start": 212.58,
      "word": "ne"
    },
    {
      "conf": 1.0,
      "end": 214.05,
      "start": 213.24,
      "word": "va"
    },
    {
      "conf": 1.0,
      "end": 220.71,
      "start": 220.32,
      "word": "pas"
    },
    {
      "conf": 1.0,
      "end": 223.195254,
      "start": 222.96,
      "word": "vous"
    },
    {
      "conf": 0.978713,
      "end": 223.516304,
      "start": 223.204849,
      "word": "m'avez"
    },
    {
      "conf": 0.963516,
      "end": 224.1,
      "start": 223.633433,
      "word": "laissé"
    },
    {
      "conf": 1.0,
      "end": 228.48,
      "start": 228.118901,
      "word": "tomber"
    },
    {
      "conf": 0.619931,
      "end": 287.22,
      "start": 286.95,
      "word": "quelle"
    },
    {
      "conf": 0.619931,
      "end": 289.71,
      "start": 289.11,
      "word": "misère"
    },
    {
      "conf": 1.0,
      "end": 292.29,
      "start": 291.57,
      "word": "chez"
    },
    {
      "conf": 1.0,
      "end": 297.42,
      "start": 297.24,
      "word": "vous"
    },
    {
      "conf": 1.0,
      "end": 315.42,
      "start": 315.27,
      "word": "ne"
    },
    {
      "conf": 1.0,
      "end": 315.75,
      "start": 315.42,
      "word": "pleurez"
    },
    {
      "conf": 1.0,
      "end": 316.29,
      "start": 316.02,
      "word": "donc"
    },
    {
      "conf": 1.0,
      "end": 317.338354,
      "start": 317.1,
      "word": "je"
    },
    {
      "conf": 0.945126,
      "end": 317.43,
      "start": 317.34,
      "word": "ne"
    },
    {
      "conf": 1.0,
      "end": 317.58,
      "start": 317.43,
      "word": "suis"
    },
    {
      "conf": 1.0,
      "end": 317.82,
      "start": 317.58,
      "word": "pas"
    },
    {
      "conf": 0.722992,
      "end": 318.33,
      "start": 317.82,
      "word": "morte"
    },
    {
      "conf": 1.0,
      "end": 318.81,
      "start": 318.57,
      "word": "tout"
    },
    {
      "conf": 1.0,
      "end": 318.93,
      "start": 318.81,
      "word": "à"
    },
    {
      "conf": 1.0,
      "end": 319.23,
      "start": 318.93,
      "word": "fait"
    },
    {
      "conf": 0.50697,
      "end": 320.7,
      "start": 319.86,
      "word": "en"
    },
    {
      "conf": 0.50697,
      "end": 321.15,
      "start": 320.79,
      "word": "banlieue"
    },
    {
      "conf": 0.304021,
      "end": 321.35844,
      "start": 321.24,
      "word": "où"
    },
    {
      "conf": 0.724218,
      "end": 321.48,
      "start": 321.35844,
      "word": "la"
    },
    {
      "conf": 0.526047,
      "end": 322.979998,
      "start": 322.649998,
      "word": "plupart"
    },
    {
      "conf": 0.812101,
      "end": 323.94,
      "start": 323.230355,
      "word": "pas"
    },
    {
      "conf": 1.0,
      "end": 324.87,
      "start": 324.03,
      "word": "ça"
    },
    {
      "conf": 1.0,
      "end": 325.11,
      "start": 324.96,
      "word": "je"
    },
    {
      "conf": 1.0,
      "end": 325.26,
      "start": 325.111701,
      "word": "vous"
    },
    {
      "conf": 1.0,
      "end": 325.92,
      "start": 325.26,
      "word": "pardonne"
    },
    {
      "conf": 1.0,
      "end": 326.13,
      "start": 325.92,
      "word": "pour"
    },
    {
      "conf": 1.0,
      "end": 326.7,
      "start": 326.16,
      "word": "cette"
    },
    {
      "conf": 1.0,
      "end": 327.24,
      "start": 326.7,
      "word": "fois"
    },
    {
      "conf": 1.0,
      "end": 328.59,
      "start": 328.23,
      "word": "vu"
    },
    {
      "conf": 1.0,
      "end": 328.86,
      "start": 328.74,
      "word": "que"
    },
    {
      "conf": 1.0,
      "end": 328.980731,
      "start": 328.86,
      "word": "vous"
    },
    {
      "conf": 0.980893,
      "end": 329.07,
      "start": 328.980731,
      "word": "me"
    },
    {
      "conf": 1.0,
      "end": 329.58,
      "start": 329.07,
      "word": "disiez"
    },
    {
      "conf": 1.0,
      "end": 332.46,
      "start": 331.98,
      "word": "oui"
    },
    {
      "conf": 0.508451,
      "end": 342.87,
      "start": 342.42,
      "word": "prenez-y"
    },
    {
      "conf": 1.0,
      "end": 343.14,
      "start": 342.87,
      "word": "bien"
    },
    {
      "conf": 0.907804,
      "end": 343.59000000000003,
      "start": 343.14,
      "word": "qu'à"
    },
    {
      "conf": 1.0,
      "end": 344.15999999999997,
      "start": 343.92,
      "word": "moins"
    },
    {
      "conf": 0.617907,
      "end": 344.49,
      "start": 344.15999999999997,
      "word": "qu'un"
    },
    {
      "conf": 1.0,
      "end": 345.65999999999997,
      "start": 345.355613,
      "word": "petit"
    },
    {
      "conf": 1.0,
      "end": 345.9,
      "start": 345.65999999999997,
      "word": "doigt"
    },
    {
      "conf": 0.766346,
      "end": 346.98,
      "start": 346.86,
      "word": "me"
    },
    {
      "conf": 0.766346,
      "end": 347.132963,
      "start": 346.98,
      "word": "dit"
    },
    {
      "conf": 0.594102,
      "end": 347.49,
      "start": 347.132963,
      "word": "vas-y"
    },
    {
      "conf": 0.462362,
      "end": 355.648308,
      "start": 355.40999999999997,
      "word": "mon"
    },
    {
      "conf": 0.537638,
      "end": 356.04,
      "start": 355.648308,
      "word": "monter"
    },
    {
      "conf": 0.513617,
      "end": 358.5,
      "start": 358.35,
      "word": "la"
    },
    {
      "conf": 0.513617,
      "end": 359.13,
      "start": 358.5,
      "word": "venue"
    },
    {
      "conf": 1.0,
      "end": 360.87,
      "start": 360.75,
      "word": "de"
    },
    {
      "conf": 1.0,
      "end": 361.35,
      "start": 360.87,
      "word": "relâche"
    },
    {
      "conf": 1.0,
      "end": 362.15999999999997,
      "start": 361.95,
      "word": "de"
    },
    {
      "conf": 1.0,
      "end": 362.58,
      "start": 362.15999999999997,
      "word": "mars"
    },
    {
      "conf": 0.905198,
      "end": 363.775129,
      "start": 363.54,
      "word": "comme"
    },
    {
      "conf": 0.696247,
      "end": 363.87,
      "start": 363.775129,
      "word": "le"
    },
    {
      "conf": 0.696247,
      "end": 364.32,
      "start": 363.87,
      "word": "siècle"
    },
    {
      "conf": 0.696247,
      "end": 366.21,
      "start": 366.15,
      "word": "à"
    },
    {
      "conf": 0.696247,
      "end": 366.42,
      "start": 366.21,
      "word": "venir"
    },
    {
      "conf": 1.0,
      "end": 371.37,
      "start": 370.92,
      "word": "je"
    },
    {
      "conf": 1.0,
      "end": 371.64,
      "start": 371.46,
      "word": "lui"
    },
    {
      "conf": 1.0,
      "end": 371.7,
      "start": 371.64,
      "word": "ai"
    },
    {
      "conf": 1.0,
      "end": 372.27,
      "start": 371.7,
      "word": "demandé"
    },
    {
      "conf": 1.0,
      "end": 372.48,
      "start": 372.27,
      "word": "ce"
    },
    {
      "conf": 0.880204,
      "end": 372.65999999999997,
      "start": 372.48,
      "word": "qu'il"
    },
    {
      "conf": 0.93957,
      "end": 373.23,
      "start": 372.69,
      "word": "demandait"
    },
    {
      "conf": 1.0,
      "end": 373.92,
      "start": 373.44,
      "word": "et"
    },
    {
      "conf": 1.0,
      "end": 374.61,
      "start": 374.43,
      "word": "il"
    },
    {
      "conf": 1.0,
      "end": 374.76,
      "start": 374.61,
      "word": "m'a"
    },
    {
      "conf": 1.0,
      "end": 374.90999999999997,
      "start": 374.76,
      "word": "dit"
    },
    {
      "conf": 0.790689,
      "end": 375.082896,
      "start": 374.90999999999997,
      "word": "qu'il"
    },
    {
      "conf": 0.414366,
      "end": 375.18,
      "start": 375.09000000000003,
      "word": "allait"
    },
    {
      "conf": 1.0,
      "end": 375.48,
      "start": 375.3,
      "word": "se"
    },
    {
      "conf": 1.0,
      "end": 375.75,
      "start": 375.48,
      "word": "mettre"
    },
    {
      "conf": 1.0,
      "end": 375.81,
      "start": 375.75,
      "word": "à"
    },
    {
      "conf": 1.0,
      "end": 376.40999999999997,
      "start": 375.81,
      "word": "chanter"
    },
    {
      "conf": 0.840925,
      "end": 377.662354,
      "start": 377.52,
      "word": "en"
    },
    {
      "conf": 0.427782,
      "end": 378.12,
      "start": 377.663042,
      "word": "enfant"
    },
    {
      "conf": 0.993123,
      "end": 378.72,
      "start": 378.39,
      "word": "voilà"
    },
    {
      "conf": 1.0,
      "end": 378.87,
      "start": 378.72,
      "word": "la"
    },
    {
      "conf": 1.0,
      "end": 379.26,
      "start": 378.87,
      "word": "fête"
    },
    {
      "conf": 1.0,
      "end": 379.77,
      "start": 379.38,
      "word": "aérienne"
    },
    {
      "conf": 1.0,
      "end": 386.28,
      "start": 385.89,
      "word": "massive"
    },
    {
      "conf": 1.0,
      "end": 387.03,
      "start": 386.82,
      "word": "contre"
    },
    {
      "conf": 0.939118,
      "end": 387.21,
      "start": 387.03,
      "word": "elle"
    },
    {
      "conf": 0.651754,
      "end": 389.07,
      "start": 389.01,
      "word": "va"
    },
    {
      "conf": 0.800296,
      "end": 389.37,
      "start": 389.07,
      "word": "bien"
    },
    {
      "conf": 0.993843,
      "end": 391.913093,
      "start": 391.761255,
      "word": "elle"
    },
    {
      "conf": 0.529328,
      "end": 392.520007,
      "start": 392.430007,
      "word": "m'a"
    },
    {
      "conf": 1.0,
      "end": 392.67,
      "start": 392.520007,
      "word": "dit"
    },
    {
      "conf": 1.0,
      "end": 393.3,
      "start": 392.7,
      "word": "sortez"
    },
    {
      "conf": 1.0,
      "end": 397.86,
      "start": 397.02,
      "word": "sortez"
    },
    {
      "conf": 1.0,
      "end": 399.987246,
      "start": 399.24,
      "word": "sortez"
    },
    {
      "conf": 0.999875,
      "end": 400.40999999999997,
      "start": 400.23,
      "word": "vous"
    },
    {
      "conf": 0.869664,
      "end": 400.529905,
      "start": 400.40999999999997,
      "word": "me"
    },
    {
      "conf": 0.807335,
      "end": 400.8,
      "start": 400.530286,
      "word": "mettez"
    },
    {
      "conf": 0.999875,
      "end": 400.89,
      "start": 400.8,
      "word": "au"
    },
    {
      "conf": 0.999875,
      "end": 401.46,
      "start": 400.89,
      "word": "désespoir"
    },
    {
      "conf": 0.834707,
      "end": 410.878433,
      "start": 410.788418,
      "word": "vous"
    },
    {
      "conf": 0.834582,
      "end": 411.0,
      "start": 410.88,
      "word": "n'êtes"
    },
    {
      "conf": 0.834707,
      "end": 411.150007,
      "start": 411.000007,
      "word": "pas"
    },
    {
      "conf": 0.622377,
      "end": 435.15,
      "start": 435.03,
      "word": "et"
    },
    {
      "conf": 1.0,
      "end": 437.07,
      "start": 436.40999999999997,
      "word": "encore"
    },
    {
      "conf": 1.0,
      "end": 445.16999999999996,
      "start": 444.69,
      "word": "tous"
    },
    {
      "conf": 0.412249,
      "end": 448.56,
      "start": 448.39117699999997,
      "word": "ce"
    },
    {
      "conf": 0.794405,
      "end": 451.34304199999997,
      "start": 451.14,
      "word": "qu'il"
    },
    {
      "conf": 1.0,
      "end": 451.5,
      "start": 451.34304199999997,
      "word": "me"
    },
    {
      "conf": 1.0,
      "end": 454.16999999999996,
      "start": 453.51,
      "word": "déconnecter"
    },
    {
      "conf": 1.0,
      "end": 472.68,
      "start": 472.56,
      "word": "et"
    },
    {
      "conf": 1.0,
      "end": 472.91999999999996,
      "start": 472.74,
      "word": "se"
    },
    {
      "conf": 1.0,
      "end": 473.31,
      "start": 472.91999999999996,
      "word": "mettait"
    },
    {
      "conf": 1.0,
      "end": 473.46000000000004,
      "start": 473.37,
      "word": "à"
    },
    {
      "conf": 1.0,
      "end": 473.73,
      "start": 473.46000000000004,
      "word": "genoux"
    },
    {
      "conf": 1.0,
      "end": 474.27,
      "start": 474.06,
      "word": "devant"
    },
    {
      "conf": 1.0,
      "end": 501.87,
      "start": 501.72,
      "word": "lui"
    },
    {
      "conf": 1.0,
      "end": 514.08,
      "start": 513.99,
      "word": "et"
    },
    {
      "conf": 1.0,
      "end": 514.41,
      "start": 514.08,
      "word": "puis"
    },
    {
      "conf": 1.0,
      "end": 530.4,
      "start": 530.31,
      "word": "il"
    },
    {
      "conf": 1.0,
      "end": 530.4300000000001,
      "start": 530.4,
      "word": "y"
    },
    {
      "conf": 1.0,
      "end": 530.49,
      "start": 530.4300000000001,
      "word": "a"
    },
    {
      "conf": 1.0,
      "end": 531.39,
      "start": 531.03,
      "word": "autre"
    },
    {
      "conf": 1.0,
      "end": 531.87,
      "start": 531.39,
      "word": "chose"
    },
    {
      "conf": 0.974608,
      "end": 533.94,
      "start": 533.55,
      "word": "pourquoi"
    },
    {
      "conf": 0.892839,
      "end": 537.286245,
      "start": 537.019907,
      "word": "pas"
    },
    {
      "conf": 0.665659,
      "end": 538.8,
      "start": 538.44,
      "word": "reprendre"
    },
    {
      "conf": 1.0,
      "end": 539.0699999999999,
      "start": 538.8,
      "word": "quelque"
    },
    {
      "conf": 1.0,
      "end": 539.4,
      "start": 539.0699999999999,
      "word": "chose"
    },
    {
      "conf": 0.632855,
      "end": 550.3199999999999,
      "start": 550.17,
      "word": "doit"
    },
    {
      "conf": 0.632855,
      "end": 550.47,
      "start": 550.3199999999999,
      "word": "être"
    },
    {
      "conf": 1.0,
      "end": 551.0699999999999,
      "start": 550.74,
      "word": "quelque"
    },
    {
      "conf": 1.0,
      "end": 551.366572,
      "start": 551.0699999999999,
      "word": "chose"
    },
    {
      "conf": 0.980014,
      "end": 551.46,
      "start": 551.37,
      "word": "ne"
    },
    {
      "conf": 0.980014,
      "end": 551.73,
      "start": 551.61,
      "word": "va"
    },
    {
      "conf": 0.980014,
      "end": 553.02,
      "start": 552.9,
      "word": "pas"
    },
    {
      "conf": 1.0,
      "end": 557.28,
      "start": 557.04,
      "word": "mon"
    },
    {
      "conf": 1.0,
      "end": 557.9100000000001,
      "start": 557.28,
      "word": "papa"
    },
    {
      "conf": 1.0,
      "end": 560.37,
      "start": 560.04,
      "word": "votre"
    },
    {
      "conf": 0.352916,
      "end": 560.85,
      "start": 560.76,
      "word": "de"
    },
    {
      "conf": 0.352916,
      "end": 561.1800000000001,
      "start": 560.85,
      "word": "boire"
    },
    {
      "conf": 0.400433,
      "end": 569.94,
      "start": 569.8199999999999,
      "word": "de"
    },
    {
      "conf": 0.364521,
      "end": 570.03,
      "start": 569.94,
      "word": "l'eau"
    },
    {
      "conf": 0.411035,
      "end": 582.0899999999999,
      "start": 581.7,
      "word": "chaude"
    },
    {
      "conf": 0.372793,
      "end": 612.84,
      "start": 612.75,
      "word": "a"
    },
    {
      "conf": 0.473399,
      "end": 613.77,
      "start": 613.44,
      "word": "donc"
    },
    {
      "conf": 1.0,
      "end": 634.68,
      "start": 634.47,
      "word": "pas"
    },
    {
      "conf": 1.0,
      "end": 635.4,
      "start": 634.68,
      "word": "seulement"
    },
    {
      "conf": 1.0,
      "end": 635.61,
      "start": 635.43,
      "word": "le"
    },
    {
      "conf": 1.0,
      "end": 636.45,
      "start": 635.61,
      "word": "loisir"
    },
    {
      "conf": 1.0,
      "end": 636.6,
      "start": 636.45,
      "word": "de"
    },
    {
      "conf": 1.0,
      "end": 637.62,
      "start": 636.63,
      "word": "songer"
    },
    {
      "conf": 1.0,
      "end": 638.1,
      "start": 637.95,
      "word": "à"
    },
    {
      "conf": 1.0,
      "end": 638.64,
      "start": 638.1,
      "word": "ma"
    },
    {
      "conf": 1.0,
      "end": 639.72,
      "start": 638.7,
      "word": "maladie"
    },
    {
      "conf": 1.0,
      "end": 641.16,
      "start": 641.01,
      "word": "en"
    },
    {
      "conf": 1.0,
      "end": 641.85,
      "start": 641.16,
      "word": "vérité"
    },
    {
      "conf": 1.0,
      "end": 642.03,
      "start": 641.85,
      "word": "je"
    },
    {
      "conf": 1.0,
      "end": 642.18,
      "start": 642.03,
      "word": "n'en"
    },
    {
      "conf": 0.586323,
      "end": 642.479996,
      "start": 642.18,
      "word": "peux"
    },
    {
      "conf": 1.0,
      "end": 643.14,
      "start": 642.55036,
      "word": "plus"
    },
    {
      "conf": 1.0,
      "end": 663.06,
      "start": 662.76,
      "word": "dire"
    },
    {
      "conf": 1.0,
      "end": 668.25,
      "start": 667.98,
      "word": "comment"
    },
    {
      "conf": 1.0,
      "end": 668.4,
      "start": 668.25,
      "word": "vous"
    },
    {
      "conf": 1.0,
      "end": 669.0,
      "start": 668.4,
      "word": "portez-vous"
    },
    {
      "conf": 0.596408,
      "end": 671.76,
      "start": 671.61,
      "word": "en"
    },
    {
      "conf": 1.0,
      "end": 674.22,
      "start": 673.62,
      "word": "forme"
    },
    {
      "conf": 0.850561,
      "end": 676.08,
      "start": 675.99,
      "word": "de"
    },
    {
      "conf": 1.0,
      "end": 676.8,
      "start": 676.17,
      "word": "faiblesse"
    },
    {
      "conf": 0.972539,
      "end": 677.55,
      "start": 676.8,
      "word": "simplement"
    },
    {
      "conf": 0.857819,
      "end": 678.42,
      "start": 678.24,
      "word": "pas"
    },
    {
      "conf": 0.951146,
      "end": 679.92,
      "start": 679.56,
      "word": "voilà"
    },
    {
      "conf": 0.951146,
      "end": 680.115593,
      "start": 679.92,
      "word": "qui"
    },
    {
      "conf": 0.718889,
      "end": 680.73,
      "start": 680.28,
      "word": "fâche"
    },
    {
      "conf": 1.0,
      "end": 681.588582,
      "start": 681.414419,
      "word": "pas"
    },
    {
      "conf": 0.527108,
      "end": 682.049993,
      "start": 681.599993,
      "word": "seulement"
    },
    {
      "conf": 1.0,
      "end": 713.79,
      "start": 713.4,
      "word": "j'étais"
    },
    {
      "conf": 0.730794,
      "end": 714.090007,
      "start": 713.7900070000001,
      "word": "venu"
    },
    {
      "conf": 1.0,
      "end": 714.48,
      "start": 714.090007,
      "word": "ici"
    },
    {
      "conf": 1.0,
      "end": 714.6,
      "start": 714.48,
      "word": "mon"
    },
    {
      "conf": 1.0,
      "end": 715.2,
      "start": 714.6,
      "word": "frère"
    },
    {
      "conf": 1.0,
      "end": 716.1,
      "start": 715.89,
      "word": "vous"
    },
    {
      "conf": 1.0,
      "end": 716.61,
      "start": 716.1,
      "word": "proposer"
    },
    {
      "conf": 1.0,
      "end": 716.73,
      "start": 716.61,
      "word": "un"
    },
    {
      "conf": 1.0,
      "end": 717.15,
      "start": 716.73,
      "word": "parti"
    },
    {
      "conf": 1.0,
      "end": 717.3,
      "start": 717.15,
      "word": "pour"
    },
    {
      "conf": 1.0,
      "end": 717.45,
      "start": 717.3,
      "word": "ma"
    },
    {
      "conf": 1.0,
      "end": 717.87,
      "start": 717.45,
      "word": "nièce"
    },
    {
      "conf": 1.0,
      "end": 718.674998,
      "start": 717.9,
      "word": "angélique"
    },
    {
      "conf": 0.68339,
      "end": 719.814829,
      "start": 719.58,
      "word": "veut"
    },
    {
      "conf": 1.0,
      "end": 720.27,
      "start": 719.82353,
      "word": "parler"
    },
    {
      "conf": 0.551385,
      "end": 721.17,
      "start": 720.9300000000001,
      "word": "comme"
    },
    {
      "conf": 0.538912,
      "end": 721.350007,
      "start": 721.1700069999999,
      "word": "tu"
    },
    {
      "conf": 0.501679,
      "end": 722.340007,
      "start": 721.470007,
      "word": "l'as"
    },
    {
      "conf": 1.0,
      "end": 723.51,
      "start": 723.03,
      "word": "pas"
    },
    {
      "conf": 1.0,
      "end": 724.62,
      "start": 724.14,
      "word": "fait"
    },
    {
      "conf": 0.861718,
      "end": 725.55,
      "start": 725.04,
      "word": "maintenant"
    },
    {
      "conf": 1.0,
      "end": 725.73,
      "start": 725.635854,
      "word": "que"
    },
    {
      "conf": 1.0,
      "end": 725.85,
      "start": 725.73,
      "word": "je"
    },
    {
      "conf": 1.0,
      "end": 726.15,
      "start": 725.85,
      "word": "maitrise"
    },
    {
      "conf": 1.0,
      "end": 726.45,
      "start": 726.15,
      "word": "vachement"
    },
    {
      "conf": 1.0,
      "end": 727.77,
      "start": 727.5,
      "word": "euh"
    },
    {
      "conf": 1.0,
      "end": 728.91,
      "start": 728.4300000000001,
      "word": "voilà"
    },
    {
      "conf": 1.0,
      "end": 729.12,
      "start": 728.91,
      "word": "qui"
    },
    {
      "conf": 1.0,
      "end": 729.1800000000001,
      "start": 729.12,
      "word": "est"
    },
    {
      "conf": 1.0,
      "end": 729.5699999999999,
      "start": 729.21,
      "word": "bien"
    },
    {
      "conf": 1.0,
      "end": 730.02,
      "start": 729.87,
      "word": "je"
    },
    {
      "conf": 1.0,
      "end": 730.17,
      "start": 730.02,
      "word": "suis"
    },
    {
      "conf": 1.0,
      "end": 730.41,
      "start": 730.17,
      "word": "bien"
    },
    {
      "conf": 1.0,
      "end": 730.59,
      "start": 730.41,
      "word": "aise"
    },
    {
      "conf": 1.0,
      "end": 730.71,
      "start": 730.59,
      "word": "que"
    },
    {
      "conf": 1.0,
      "end": 730.8,
      "start": 730.71,
      "word": "la"
    },
    {
      "conf": 1.0,
      "end": 731.4300000000001,
      "start": 730.83,
      "word": "force"
    },
    {
      "conf": 0.788342,
      "end": 731.55,
      "start": 731.4300000000001,
      "word": "vous"
    },
    {
      "conf": 0.546691,
      "end": 731.97,
      "start": 731.55,
      "word": "revienne"
    },
    {
      "conf": 1.0,
      "end": 732.03,
      "start": 731.97,
      "word": "un"
    },
    {
      "conf": 1.0,
      "end": 732.39,
      "start": 732.03,
      "word": "peu"
    },
    {
      "conf": 0.939662,
      "end": 732.78,
      "start": 732.69,
      "word": "et"
    },
    {
      "conf": 1.0,
      "end": 732.9,
      "start": 732.78,
      "word": "que"
    },
    {
      "conf": 1.0,
      "end": 733.02,
      "start": 732.9,
      "word": "ma"
    },
    {
      "conf": 1.0,
      "end": 733.47,
      "start": 733.02,
      "word": "visite"
    },
    {
      "conf": 1.0,
      "end": 733.56,
      "start": 733.47,
      "word": "vous"
    },
    {
      "conf": 0.927626,
      "end": 733.919443,
      "start": 733.56,
      "word": "fasse"
    },
    {
      "conf": 0.982856,
      "end": 734.04,
      "start": 733.92,
      "word": "du"
    },
    {
      "conf": 0.982856,
      "end": 734.28,
      "start": 734.04,
      "word": "bien"
    },
    {
      "conf": 0.716375,
      "end": 742.89,
      "start": 742.47,
      "word": "faire"
    },
    {
      "conf": 0.99273,
      "end": 745.35,
      "start": 744.84,
      "word": "aussi"
    },
    {
      "conf": 1.0,
      "end": 747.1800000000001,
      "start": 746.97,
      "word": "nous"
    },
    {
      "conf": 0.595181,
      "end": 747.75,
      "start": 747.1800000000001,
      "word": "parlerons"
    },
    {
      "conf": 0.937332,
      "end": 753.09,
      "start": 752.88,
      "word": "je"
    },
    {
      "conf": 1.0,
      "end": 753.27,
      "start": 753.09,
      "word": "vous"
    },
    {
      "conf": 1.0,
      "end": 753.6,
      "start": 753.27,
      "word": "amène"
    },
    {
      "conf": 1.0,
      "end": 754.08,
      "start": 753.6,
      "word": "ici"
    },
    {
      "conf": 0.501593,
      "end": 755.64,
      "start": 755.4,
      "word": "un"
    },
    {
      "conf": 1.0,
      "end": 756.75,
      "start": 755.79,
      "word": "divertissement"
    },
    {
      "conf": 1.0,
      "end": 757.08,
      "start": 756.75,
      "word": "que"
    },
    {
      "conf": 1.0,
      "end": 757.65,
      "start": 757.41,
      "word": "j'ai"
    },
    {
      "conf": 1.0,
      "end": 758.31,
      "start": 757.65,
      "word": "rencontré"
    },
    {
      "conf": 1.0,
      "end": 759.1800000000001,
      "start": 759.0,
      "word": "qui"
    },
    {
      "conf": 1.0,
      "end": 759.99,
      "start": 759.1800000000001,
      "word": "dissipera"
    },
    {
      "conf": 1.0,
      "end": 760.56,
      "start": 760.29,
      "word": "votre"
    },
    {
      "conf": 1.0,
      "end": 761.28,
      "start": 760.56,
      "word": "chagrin"
    },
    {
      "conf": 1.0,
      "end": 761.97,
      "start": 761.91,
      "word": "et"
    },
    {
      "conf": 1.0,
      "end": 762.12,
      "start": 761.97,
      "word": "vous"
    },
    {
      "conf": 0.799104,
      "end": 762.45,
      "start": 762.12,
      "word": "rendre"
    },
    {
      "conf": 1.0,
      "end": 763.14,
      "start": 762.96,
      "word": "mieux"
    },
    {
      "conf": 0.721186,
      "end": 763.65,
      "start": 763.14,
      "word": "disposé"
    },
    {
      "conf": 1.0,
      "end": 763.74,
      "start": 763.65,
      "word": "aux"
    },
    {
      "conf": 1.0,
      "end": 764.31,
      "start": 763.74,
      "word": "choses"
    },
    {
      "conf": 1.0,
      "end": 764.8199999999999,
      "start": 764.7,
      "word": "que"
    },
    {
      "conf": 1.0,
      "end": 764.960479,
      "start": 764.8199999999999,
      "word": "nous"
    },
    {
      "conf": 0.322488,
      "end": 765.277837,
      "start": 764.97,
      "word": "avons"
    },
    {
      "conf": 0.731123,
      "end": 765.66,
      "start": 765.277837,
      "word": "sortir"
    },
    {
      "conf": 0.782142,
      "end": 809.34,
      "start": 806.8199999999999,
      "word": "ou"
    },
    {
      "conf": 1.0,
      "end": 812.64,
      "start": 812.13,
      "word": "vous"
    },
    {
      "conf": 1.0,
      "end": 824.13,
      "start": 823.77,
      "word": "chez"
    },
    {
      "conf": 1.0,
      "end": 829.41,
      "start": 828.84,
      "word": "vous"
    }
  ]
}